{
	"partitions" : [
		{
			"name" : "Top",
			"pins" : [
				{
					"name" : "clear",
					"strict" : false
				},
				{
					"name" : "button_num[0]",
					"strict" : false
				},
				{
					"name" : "button_num[1]",
					"strict" : false
				},
				{
					"name" : "button_num[2]",
					"strict" : false
				},
				{
					"name" : "button_num[3]",
					"strict" : false
				},
				{
					"name" : "button_op[0]",
					"strict" : false
				},
				{
					"name" : "button_op[1]",
					"strict" : false
				},
				{
					"name" : "button_op[2]",
					"strict" : false
				},
				{
					"name" : "equal",
					"strict" : false
				},
				{
					"name" : "result_temp[0]",
					"strict" : false
				},
				{
					"name" : "result_temp[1]",
					"strict" : false
				},
				{
					"name" : "result_temp[2]",
					"strict" : false
				},
				{
					"name" : "result_temp[3]",
					"strict" : false
				},
				{
					"name" : "result_temp[4]",
					"strict" : false
				},
				{
					"name" : "result_temp[5]",
					"strict" : false
				},
				{
					"name" : "result_temp[6]",
					"strict" : false
				},
				{
					"name" : "result_temp[7]",
					"strict" : false
				},
				{
					"name" : "result[0]",
					"strict" : false
				},
				{
					"name" : "result[1]",
					"strict" : false
				},
				{
					"name" : "result[2]",
					"strict" : false
				},
				{
					"name" : "result[3]",
					"strict" : false
				},
				{
					"name" : "result[4]",
					"strict" : false
				},
				{
					"name" : "result[5]",
					"strict" : false
				},
				{
					"name" : "result[6]",
					"strict" : false
				},
				{
					"name" : "result[7]",
					"strict" : false
				},
				{
					"name" : "button[5]",
					"strict" : false
				},
				{
					"name" : "button[4]",
					"strict" : false
				},
				{
					"name" : "button[0]",
					"strict" : false
				},
				{
					"name" : "button[1]",
					"strict" : false
				},
				{
					"name" : "button[2]",
					"strict" : false
				},
				{
					"name" : "button[7]",
					"strict" : false
				},
				{
					"name" : "button[3]",
					"strict" : false
				},
				{
					"name" : "button[6]",
					"strict" : false
				},
				{
					"name" : "clk",
					"strict" : false
				}
			]
		}
	]
}